year,team,team_salary,wins,playoff_wins,champion,spend_tier,sport
2024,New York Yankees,314741274.0,94.0,8.0,False,High,MLB
2024,Philadelphia Phillies,247291271.0,95.0,1.0,False,High,MLB
2024,Los Angeles Dodgers,265870208.0,98.0,11.0,True,High,MLB
2024,New York Mets,317483315.0,89.0,7.0,False,High,MLB
2024,Chicago Cubs,232067975.0,83.0,0.0,False,High,MLB
2024,Houston Astros,248559896.0,88.0,0.0,False,High,MLB
2024,Atlanta Braves,238433901.0,89.0,0.0,False,High,MLB
2024,Texas Rangers,227545408.0,78.0,0.0,False,High,MLB
2024,San Diego Padres,172855090.0,93.0,4.0,False,Medium,MLB
2024,Arizona Diamondbacks,178306829.0,89.0,0.0,False,Medium,MLB
2024,Toronto Blue Jays,219088534.0,74.0,0.0,False,Medium,MLB
2024,St. Louis Cardinals,179432759.0,83.0,0.0,False,Medium,MLB
2024,San Francisco Giants,202384048.0,80.0,0.0,False,Medium,MLB
2024,Minnesota Twins,129330051.0,82.0,0.0,False,Medium,MLB
2024,Seattle Mariners,148953846.0,85.0,0.0,False,Medium,MLB
2024,Kansas City Royals,125470914.0,86.0,3.0,False,Medium,MLB
2024,Colorado Rockies,146100965.0,61.0,0.0,False,Medium,MLB
2024,Boston Red Sox,188537445.0,81.0,0.0,False,Medium,MLB
2024,Chicago White Sox,140497547.0,41.0,0.0,False,Medium,MLB
2024,Milwaukee Brewers,123393744.0,93.0,1.0,False,Medium,MLB
2024,Baltimore Orioles,110835494.0,91.0,0.0,False,Medium,MLB
2024,Washington Nationals,106445407.0,71.0,0.0,False,Low,MLB
2024,Cincinnati Reds,102254855.0,77.0,0.0,False,Low,MLB
2024,Pittsburgh Pirates,84050989.0,76.0,0.0,False,Low,MLB
2024,Cleveland Guardians,105224582.0,92.0,4.0,False,Low,MLB
2024,Los Angeles Angels,174189987.0,63.0,0.0,False,Medium,MLB
2024,Tampa Bay Rays,89707422.0,80.0,0.0,False,Low,MLB
2024,Detroit Tigers,96971614.0,86.0,4.0,False,Low,MLB
2024,Oakland Athletics,62132581.0,69.0,0.0,False,Low,MLB
2024,Miami Marlins,96590305.0,62.0,0.0,False,Low,MLB
2023,Philadelphia Phillies,245410961.0,95.0,8.0,False,High,MLB
2023,Houston Astros,237107748.0,88.0,6.0,False,High,MLB
2023,Toronto Blue Jays,214916600.0,74.0,0.0,False,Medium,MLB
2023,New York Yankees,278651150.0,94.0,0.0,False,High,MLB
2023,San Diego Padres,253450531.0,93.0,0.0,False,High,MLB
2023,Atlanta Braves,204689131.0,89.0,1.0,False,Medium,MLB
2023,Texas Rangers,251332754.0,78.0,13.0,True,High,MLB
2023,Los Angeles Dodgers,235743243.0,98.0,0.0,False,High,MLB
2023,Chicago Cubs,189409358.0,83.0,0.0,False,Medium,MLB
2023,San Francisco Giants,189398165.0,80.0,0.0,False,Medium,MLB
2023,Boston Red Sox,180926796.0,81.0,0.0,False,Medium,MLB
2023,New York Mets,344346522.0,89.0,0.0,False,High,MLB
2023,Milwaukee Brewers,119399140.0,93.0,0.0,False,Medium,MLB
2023,Chicago White Sox,162863836.0,41.0,0.0,False,Medium,MLB
2023,St. Louis Cardinals,153793028.0,83.0,0.0,False,Medium,MLB
2023,Detroit Tigers,119344514.0,86.0,0.0,False,Medium,MLB
2023,Minnesota Twins,155999708.0,82.0,3.0,False,Medium,MLB
2023,Colorado Rockies,171026607.0,61.0,0.0,False,Medium,MLB
2023,Seattle Mariners,125040117.0,85.0,0.0,False,Medium,MLB
2023,Miami Marlins,105435809.0,62.0,0.0,False,Medium,MLB
2023,Arizona Diamondbacks,116777354.0,89.0,10.0,False,Medium,MLB
2023,Cleveland Guardians,88911627.0,92.0,0.0,False,Low,MLB
2023,Kansas City Royals,95596347.0,86.0,0.0,False,Low,MLB
2023,Baltimore Orioles,68706439.0,91.0,0.0,False,Low,MLB
2023,Tampa Bay Rays,74948362.0,80.0,0.0,False,Low,MLB
2023,Washington Nationals,93378663.0,71.0,0.0,False,Low,MLB
2023,Cincinnati Reds,94853417.0,77.0,0.0,False,Low,MLB
2023,Los Angeles Angels,235384276.0,63.0,0.0,False,High,MLB
2023,Oakland Athletics,62243227.0,69.0,0.0,False,Low,MLB
2023,Pittsburgh Pirates,74670975.0,76.0,0.0,False,Low,MLB
2022,New York Mets,262720327.0,89.0,1.0,False,High,MLB
2022,Los Angeles Dodgers,264996019.0,98.0,1.0,False,High,MLB
2022,New York Yankees,252957200.0,94.0,3.0,False,High,MLB
2022,San Diego Padres,224511694.0,93.0,6.0,False,High,MLB
2022,Philadelphia Phillies,244484097.0,95.0,11.0,False,High,MLB
2022,Chicago White Sox,203205326.0,41.0,0.0,False,High,MLB
2022,Houston Astros,183791796.0,88.0,11.0,True,High,MLB
2022,Atlanta Braves,177138888.0,89.0,1.0,False,Medium,MLB
2022,Toronto Blue Jays,177287681.0,74.0,0.0,False,Medium,MLB
2022,St. Louis Cardinals,155378325.0,83.0,0.0,False,Medium,MLB
2022,Los Angeles Angels,177727811.0,63.0,0.0,False,Medium,MLB
2022,Boston Red Sox,211812131.0,81.0,0.0,False,High,MLB
2022,Detroit Tigers,135112588.0,86.0,0.0,False,Medium,MLB
2022,Texas Rangers,150037446.0,78.0,0.0,False,Medium,MLB
2022,Milwaukee Brewers,133086663.0,93.0,0.0,False,Medium,MLB
2022,Seattle Mariners,110826407.0,85.0,2.0,False,Medium,MLB
2022,Chicago Cubs,150580017.0,83.0,0.0,False,Medium,MLB
2022,Minnesota Twins,150363491.0,82.0,0.0,False,Medium,MLB
2022,Colorado Rockies,140012218.0,61.0,0.0,False,Medium,MLB
2022,Kansas City Royals,92613711.0,86.0,0.0,False,Low,MLB
2022,Washington Nationals,126672438.0,71.0,0.0,False,Medium,MLB
2022,Cleveland Guardians,66477492.0,92.0,4.0,False,Low,MLB
2022,Miami Marlins,88454422.0,62.0,0.0,False,Low,MLB
2022,Arizona Diamondbacks,85119750.0,89.0,0.0,False,Low,MLB
2022,Tampa Bay Rays,97167073.0,80.0,0.0,False,Low,MLB
2022,San Francisco Giants,161717317.0,80.0,0.0,False,Medium,MLB
2022,Pittsburgh Pirates,56184032.0,76.0,0.0,False,Low,MLB
2022,Baltimore Orioles,44888388.0,91.0,0.0,False,Low,MLB
2022,Cincinnati Reds,115417321.0,77.0,0.0,False,Medium,MLB
2022,Oakland Athletics,48443900.0,69.0,0.0,False,Low,MLB
2021,New York Mets,201189189.0,89.0,0.0,False,High,MLB
2021,Los Angeles Dodgers,261516971.0,98.0,6.0,False,High,MLB
2021,Houston Astros,194222042.0,88.0,9.0,False,High,MLB
2021,New York Yankees,203311013.0,94.0,0.0,False,High,MLB
2021,Boston Red Sox,186718068.0,81.0,6.0,False,High,MLB
2021,Philadelphia Phillies,190513223.0,95.0,0.0,False,High,MLB
2021,San Francisco Giants,171191545.0,80.0,2.0,False,Medium,MLB
2021,San Diego Padres,179767346.0,93.0,0.0,False,High,MLB
2021,Chicago White Sox,140406825.0,41.0,1.0,False,Medium,MLB
2021,St. Louis Cardinals,151469994.0,83.0,0.0,False,Medium,MLB
2021,Atlanta Braves,151393755.0,89.0,11.0,True,Medium,MLB
2021,Toronto Blue Jays,150140253.0,74.0,0.0,False,Medium,MLB
2021,Cincinnati Reds,126608690.0,77.0,0.0,False,Medium,MLB
2021,Minnesota Twins,121417939.0,82.0,0.0,False,Medium,MLB
2021,Milwaukee Brewers,99377415.0,93.0,1.0,False,Medium,MLB
2021,Colorado Rockies,116208966.0,61.0,0.0,False,Medium,MLB
2021,Detroit Tigers,83698945.0,86.0,0.0,False,Low,MLB
2021,Seattle Mariners,83822113.0,85.0,0.0,False,Low,MLB
2021,Arizona Diamondbacks,91632929.0,89.0,0.0,False,Medium,MLB
2021,Kansas City Royals,91595545.0,86.0,0.0,False,Medium,MLB
2021,Oakland Athletics,89767668.0,69.0,0.0,False,Low,MLB
2021,Washington Nationals,144415187.0,71.0,0.0,False,Medium,MLB
2021,Tampa Bay Rays,70104552.0,80.0,1.0,False,Low,MLB
2021,Cleveland Guardians,50670534.0,92.0,0.0,False,Low,MLB
2021,Los Angeles Angels,182749560.0,63.0,0.0,False,High,MLB
2021,Chicago Cubs,144037170.0,83.0,0.0,False,Medium,MLB
2021,Texas Rangers,95788819.0,78.0,0.0,False,Medium,MLB
2021,Pittsburgh Pirates,54356609.0,76.0,0.0,False,Low,MLB
2021,Miami Marlins,58088180.0,62.0,0.0,False,Low,MLB
2021,Baltimore Orioles,42421870.0,91.0,0.0,False,Low,MLB
2020,Los Angeles Dodgers,124719080.0,98.0,13.0,True,High,MLB
2020,New York Yankees,111939081.0,94.0,4.0,False,High,MLB
2020,Chicago Cubs,86012838.0,83.0,0.0,False,High,MLB
2020,Houston Astros,82574115.0,88.0,8.0,False,High,MLB
2020,Philadelphia Phillies,73543547.0,95.0,0.0,False,Medium,MLB
2020,Los Angeles Angels,67040893.0,63.0,0.0,False,Medium,MLB
2020,San Diego Padres,72861614.0,93.0,2.0,False,Medium,MLB
2020,Cincinnati Reds,55147001.0,77.0,0.0,False,Medium,MLB
2020,St. Louis Cardinals,73246343.0,83.0,1.0,False,Medium,MLB
2020,Atlanta Braves,60552671.0,89.0,8.0,False,Medium,MLB
2020,Minnesota Twins,59679689.0,82.0,0.0,False,Medium,MLB
2020,New York Mets,81945598.0,89.0,0.0,False,High,MLB
2020,Washington Nationals,74697333.0,71.0,0.0,False,High,MLB
2020,Chicago White Sox,53665251.0,41.0,1.0,False,Medium,MLB
2020,San Francisco Giants,73972317.0,80.0,0.0,False,High,MLB
2020,Boston Red Sox,84210390.0,81.0,0.0,False,High,MLB
2020,Oakland Athletics,36720178.0,69.0,3.0,False,Low,MLB
2020,Cleveland Guardians,39299107.0,92.0,0.0,False,Low,MLB
2020,Toronto Blue Jays,54237801.0,74.0,0.0,False,Medium,MLB
2020,Texas Rangers,63876359.0,78.0,0.0,False,Medium,MLB
2020,Detroit Tigers,43164880.0,86.0,0.0,False,Medium,MLB
2020,Milwaukee Brewers,41434086.0,93.0,0.0,False,Low,MLB
2020,Seattle Mariners,50563459.0,85.0,0.0,False,Medium,MLB
2020,Kansas City Royals,34934696.0,86.0,0.0,False,Low,MLB
2020,Colorado Rockies,67808533.0,61.0,0.0,False,Medium,MLB
2020,Tampa Bay Rays,28290689.0,80.0,11.0,False,Low,MLB
2020,Arizona Diamondbacks,65598752.0,89.0,0.0,False,Medium,MLB
2020,Miami Marlins,33901920.0,62.0,2.0,False,Low,MLB
2020,Pittsburgh Pirates,25343022.0,76.0,0.0,False,Low,MLB
2020,Baltimore Orioles,23478635.0,91.0,0.0,False,Low,MLB
2019,Chicago Cubs,221580085.0,83.0,0.0,False,High,MLB
2019,New York Yankees,223019037.0,94.0,5.0,False,High,MLB
2019,Boston Red Sox,229166880.0,81.0,0.0,False,High,MLB
2019,Los Angeles Dodgers,207000814.0,98.0,2.0,False,High,MLB
2019,Washington Nationals,172307808.0,71.0,12.0,True,High,MLB
2019,Houston Astros,167138259.0,88.0,10.0,False,High,MLB
2019,San Francisco Giants,178054110.0,80.0,0.0,False,High,MLB
2019,St. Louis Cardinals,173544423.0,83.0,3.0,False,High,MLB
2019,Colorado Rockies,155403513.0,61.0,0.0,False,Medium,MLB
2019,Los Angeles Angels,157999465.0,63.0,0.0,False,Medium,MLB
2019,Atlanta Braves,143947963.0,89.0,2.0,False,Medium,MLB
2019,Milwaukee Brewers,135889019.0,93.0,0.0,False,Medium,MLB
2019,New York Mets,146538234.0,89.0,0.0,False,Medium,MLB
2019,Minnesota Twins,125256003.0,82.0,0.0,False,Medium,MLB
2019,Texas Rangers,148538766.0,78.0,0.0,False,Medium,MLB
2019,Seattle Mariners,144388309.0,85.0,0.0,False,Medium,MLB
2019,Cincinnati Reds,128691569.0,77.0,0.0,False,Medium,MLB
2019,Oakland Athletics,99199531.0,69.0,0.0,False,Low,MLB
2019,Cleveland Guardians,106838693.0,92.0,0.0,False,Medium,MLB
2019,Philadelphia Phillies,158976752.0,95.0,0.0,False,Medium,MLB
2019,Detroit Tigers,114631137.0,86.0,0.0,False,Medium,MLB
2019,Kansas City Royals,103973003.0,86.0,0.0,False,Low,MLB
2019,Chicago White Sox,91371201.0,41.0,0.0,False,Low,MLB
2019,Miami Marlins,75596271.0,62.0,0.0,False,Low,MLB
2019,San Diego Padres,105099790.0,93.0,0.0,False,Low,MLB
2019,Arizona Diamondbacks,118672377.0,89.0,0.0,False,Medium,MLB
2019,Tampa Bay Rays,64178722.0,80.0,3.0,False,Low,MLB
2019,Baltimore Orioles,73328658.0,91.0,0.0,False,Low,MLB
2019,Toronto Blue Jays,111086139.0,74.0,0.0,False,Medium,MLB
2019,Pittsburgh Pirates,72176474.0,76.0,0.0,False,Low,MLB
2018,Boston Red Sox,227398860.0,81.0,11.0,True,High,MLB
2018,Los Angeles Dodgers,199582045.0,98.0,8.0,False,High,MLB
2018,Houston Astros,163706636.0,88.0,4.0,False,High,MLB
2018,Chicago Cubs,194259933.0,83.0,0.0,False,High,MLB
2018,New York Yankees,180098151.0,94.0,2.0,False,High,MLB
2018,Seattle Mariners,160243827.0,85.0,0.0,False,Medium,MLB
2018,Colorado Rockies,143968544.0,61.0,1.0,False,Medium,MLB
2018,Washington Nationals,181382609.0,71.0,0.0,False,High,MLB
2018,Cleveland Guardians,142604703.0,92.0,0.0,False,Medium,MLB
2018,San Francisco Giants,205665348.0,80.0,0.0,False,High,MLB
2018,St. Louis Cardinals,162334311.0,83.0,0.0,False,Medium,MLB
2018,Arizona Diamondbacks,141724597.0,89.0,0.0,False,Medium,MLB
2018,Philadelphia Phillies,104297471.0,95.0,0.0,False,Low,MLB
2018,Texas Rangers,140625018.0,78.0,0.0,False,Medium,MLB
2018,Los Angeles Angels,173717599.0,63.0,0.0,False,High,MLB
2018,Milwaukee Brewers,108982016.0,93.0,6.0,False,Medium,MLB
2018,Kansas City Royals,129944821.0,86.0,0.0,False,Medium,MLB
2018,New York Mets,150187987.0,89.0,0.0,False,Medium,MLB
2018,Cincinnati Reds,100305768.0,77.0,0.0,False,Low,MLB
2018,Toronto Blue Jays,150946147.0,74.0,0.0,False,Medium,MLB
2018,Atlanta Braves,129739447.0,89.0,1.0,False,Medium,MLB
2018,Baltimore Orioles,130413607.0,91.0,0.0,False,Medium,MLB
2018,Pittsburgh Pirates,91025861.0,76.0,0.0,False,Low,MLB
2018,Detroit Tigers,130995349.0,86.0,0.0,False,Medium,MLB
2018,Oakland Athletics,77673582.0,69.0,0.0,False,Low,MLB
2018,Chicago White Sox,71839808.0,41.0,0.0,False,Low,MLB
2018,Minnesota Twins,115538840.0,82.0,0.0,False,Medium,MLB
2018,San Diego Padres,101760815.0,93.0,0.0,False,Low,MLB
2018,Miami Marlins,91660500.0,62.0,0.0,False,Low,MLB
2018,Tampa Bay Rays,68895137.0,80.0,0.0,False,Low,MLB
2017,Los Angeles Dodgers,259302593.0,98.0,10.0,False,High,MLB
2017,Boston Red Sox,209872508.0,81.0,1.0,False,High,MLB
2017,San Francisco Giants,188406809.0,80.0,0.0,False,High,MLB
2017,New York Yankees,209044502.0,94.0,7.0,False,High,MLB
2017,Washington Nationals,182238854.0,71.0,2.0,False,High,MLB
2017,Baltimore Orioles,174129785.0,91.0,0.0,False,High,MLB
2017,Chicago Cubs,172092536.0,83.0,4.0,False,Medium,MLB
2017,Houston Astros,138344211.0,88.0,11.0,True,Medium,MLB
2017,Toronto Blue Jays,175617487.0,74.0,0.0,False,High,MLB
2017,Texas Rangers,161966320.0,78.0,0.0,False,Medium,MLB
2017,Kansas City Royals,148227822.0,86.0,0.0,False,Medium,MLB
2017,Seattle Mariners,160741810.0,85.0,0.0,False,Medium,MLB
2017,Cleveland Guardians,132258928.0,92.0,0.0,False,Medium,MLB
2017,Los Angeles Angels,166161209.0,63.0,0.0,False,Medium,MLB
2017,Colorado Rockies,139499341.0,61.0,0.0,False,Medium,MLB
2017,St. Louis Cardinals,145256085.0,83.0,0.0,False,Medium,MLB
2017,Detroit Tigers,188028874.0,86.0,0.0,False,High,MLB
2017,Atlanta Braves,105268575.0,89.0,0.0,False,Medium,MLB
2017,Arizona Diamondbacks,102619475.0,89.0,1.0,False,Low,MLB
2017,Minnesota Twins,120842831.0,82.0,0.0,False,Medium,MLB
2017,Miami Marlins,110765599.0,62.0,0.0,False,Medium,MLB
2017,Pittsburgh Pirates,100503030.0,76.0,0.0,False,Low,MLB
2017,Cincinnati Reds,96436003.0,77.0,0.0,False,Low,MLB
2017,Tampa Bay Rays,77811205.0,80.0,0.0,False,Low,MLB
2017,Milwaukee Brewers,64576736.0,93.0,0.0,False,Low,MLB
2017,New York Mets,143315158.0,89.0,0.0,False,Medium,MLB
2017,Chicago White Sox,85495238.0,41.0,0.0,False,Low,MLB
2017,Oakland Athletics,73477080.0,69.0,0.0,False,Low,MLB
2017,Philadelphia Phillies,104020808.0,95.0,0.0,False,Medium,MLB
2017,San Diego Padres,76921678.0,93.0,0.0,False,Low,MLB
2016,Los Angeles Dodgers,264470494.0,98.0,5.0,False,High,MLB
2016,San Francisco Giants,178834344.0,80.0,2.0,False,High,MLB
2016,Chicago Cubs,186772494.0,83.0,11.0,True,High,MLB
2016,Boston Red Sox,207758836.0,81.0,0.0,False,High,MLB
2016,Detroit Tigers,200179285.0,86.0,0.0,False,High,MLB
2016,New York Yankees,220743376.0,94.0,0.0,False,High,MLB
2016,Baltimore Orioles,154148832.0,91.0,0.0,False,Medium,MLB
2016,Texas Rangers,163021690.0,78.0,0.0,False,High,MLB
2016,Toronto Blue Jays,148385479.0,74.0,5.0,False,Medium,MLB
2016,St. Louis Cardinals,149355870.0,83.0,0.0,False,Medium,MLB
2016,Seattle Mariners,147003780.0,85.0,0.0,False,Medium,MLB
2016,Washington Nationals,139583852.0,71.0,2.0,False,Medium,MLB
2016,Kansas City Royals,141587358.0,86.0,0.0,False,Medium,MLB
2016,New York Mets,147236560.0,89.0,0.0,False,Medium,MLB
2016,Los Angeles Angels,174290373.0,63.0,0.0,False,High,MLB
2016,Chicago White Sox,129715686.0,41.0,0.0,False,Medium,MLB
2016,Colorado Rockies,106902280.0,61.0,0.0,False,Medium,MLB
2016,Arizona Diamondbacks,97874482.0,89.0,0.0,False,Medium,MLB
2016,Houston Astros,99828742.0,88.0,0.0,False,Medium,MLB
2016,Minnesota Twins,97244457.0,82.0,0.0,False,Low,MLB
2016,Cincinnati Reds,87226437.0,77.0,0.0,False,Low,MLB
2016,Cleveland Guardians,104971268.0,92.0,0.0,False,Medium,MLB
2016,Miami Marlins,76365306.0,62.0,0.0,False,Low,MLB
2016,Pittsburgh Pirates,99518136.0,76.0,0.0,False,Medium,MLB
2016,Philadelphia Phillies,103898809.0,95.0,0.0,False,Medium,MLB
2016,Milwaukee Brewers,62161191.0,93.0,0.0,False,Low,MLB
2016,Atlanta Braves,95778126.0,89.0,0.0,False,Low,MLB
2016,Tampa Bay Rays,62408549.0,80.0,0.0,False,Low,MLB
2016,Oakland Athletics,83109288.0,69.0,0.0,False,Low,MLB
2016,San Diego Padres,83435559.0,93.0,0.0,False,Low,MLB
2015,Los Angeles Dodgers,301735080.0,98.0,2.0,False,High,MLB
2015,New York Yankees,221242659.0,94.0,0.0,False,High,MLB
2015,Washington Nationals,165655095.0,71.0,0.0,False,High,MLB
2015,San Francisco Giants,180163630.0,80.0,0.0,False,High,MLB
2015,St. Louis Cardinals,132178951.0,83.0,1.0,False,Medium,MLB
2015,Texas Rangers,149424268.0,78.0,2.0,False,High,MLB
2015,Kansas City Royals,126391174.0,86.0,11.0,True,Medium,MLB
2015,Detroit Tigers,162160921.0,86.0,0.0,False,High,MLB
2015,Chicago Cubs,132993810.0,83.0,4.0,False,Medium,MLB
2015,Los Angeles Angels,142198162.0,63.0,0.0,False,High,MLB
2015,Toronto Blue Jays,138309664.0,74.0,5.0,False,Medium,MLB
2015,Baltimore Orioles,116400870.0,91.0,0.0,False,Medium,MLB
2015,New York Mets,110398927.0,89.0,8.0,False,Medium,MLB
2015,Minnesota Twins,106231818.0,82.0,0.0,False,Medium,MLB
2015,Seattle Mariners,126045473.0,85.0,0.0,False,Medium,MLB
2015,Boston Red Sox,183481478.0,81.0,0.0,False,High,MLB
2015,Chicago White Sox,116925487.0,41.0,0.0,False,Medium,MLB
2015,San Diego Padres,107915272.0,93.0,0.0,False,Medium,MLB
2015,Pittsburgh Pirates,99435606.0,76.0,0.0,False,Low,MLB
2015,Colorado Rockies,101277051.0,61.0,0.0,False,Medium,MLB
2015,Cincinnati Reds,112333097.0,77.0,0.0,False,Medium,MLB
2015,Houston Astros,81341546.0,88.0,3.0,False,Low,MLB
2015,Milwaukee Brewers,93852267.0,93.0,0.0,False,Low,MLB
2015,Atlanta Braves,110777379.0,89.0,0.0,False,Medium,MLB
2015,Philadelphia Phillies,141722639.0,95.0,0.0,False,Medium,MLB
2015,Tampa Bay Rays,73241552.0,80.0,0.0,False,Low,MLB
2015,Cleveland Guardians,77404413.0,92.0,0.0,False,Low,MLB
2015,Arizona Diamondbacks,76781801.0,89.0,0.0,False,Low,MLB
2015,Oakland Athletics,80491339.0,69.0,0.0,False,Low,MLB
2015,Miami Marlins,72990525.0,62.0,0.0,False,Low,MLB
2015,Atlanta Hawks,58320278.0,60.0,8.0,False,Low,NBA
2016,Atlanta Hawks,71661760.0,48.0,4.0,False,Medium,NBA
2017,Atlanta Hawks,96315163.0,43.0,2.0,False,Medium,NBA
2018,Atlanta Hawks,99992696.0,24.0,0.0,False,Low,NBA
2019,Atlanta Hawks,79180081.0,29.0,0.0,False,Low,NBA
2020,Atlanta Hawks,110702618.0,20.0,0.0,False,Low,NBA
2021,Atlanta Hawks,118804016.0,41.0,10.0,False,Low,NBA
2022,Atlanta Hawks,135166020.0,43.0,1.0,False,Medium,NBA
2023,Atlanta Hawks,149836313.0,41.0,2.0,False,Medium,NBA
2024,Atlanta Hawks,159153393.0,36.0,0.0,False,Medium,NBA
2015,Boston Celtics,62218516.0,40.0,0.0,False,Low,NBA
2016,Boston Celtics,77141919.0,48.0,2.0,False,Medium,NBA
2017,Boston Celtics,93465326.0,53.0,9.0,False,Medium,NBA
2018,Boston Celtics,115284776.0,55.0,11.0,False,Medium,NBA
2019,Boston Celtics,125334993.0,49.0,5.0,False,Medium,NBA
2020,Boston Celtics,117759332.0,48.0,10.0,False,Medium,NBA
2021,Boston Celtics,132931565.0,36.0,1.0,False,Medium,NBA
2022,Boston Celtics,136557646.0,51.0,14.0,False,Medium,NBA
2023,Boston Celtics,178633307.0,57.0,11.0,False,High,NBA
2024,Boston Celtics,186940921.0,64.0,16.0,True,High,NBA
2015,Brooklyn Nets,91817289.0,38.0,2.0,False,High,NBA
2016,Brooklyn Nets,80258302.0,21.0,0.0,False,Medium,NBA
2017,Brooklyn Nets,82391482.0,20.0,0.0,False,Low,NBA
2018,Brooklyn Nets,95475397.0,28.0,0.0,False,Low,NBA
2019,Brooklyn Nets,118850600.0,42.0,1.0,False,Medium,NBA
2020,Brooklyn Nets,118889943.0,35.0,0.0,False,Medium,NBA
2021,Brooklyn Nets,170444633.0,48.0,7.0,False,High,NBA
2022,Brooklyn Nets,174811922.0,44.0,0.0,False,High,NBA
2023,Brooklyn Nets,159566723.0,45.0,0.0,False,Medium,NBA
2024,Brooklyn Nets,155015136.0,32.0,0.0,False,Medium,NBA
2015,Charlotte Hornets,76181367.0,33.0,0.0,False,Medium,NBA
2016,Charlotte Hornets,76860006.0,48.0,3.0,False,Medium,NBA
2017,Charlotte Hornets,103054004.0,36.0,0.0,False,Medium,NBA
2018,Charlotte Hornets,117382664.0,36.0,0.0,False,Medium,NBA
2019,Charlotte Hornets,121427859.0,39.0,0.0,False,Medium,NBA
2020,Charlotte Hornets,96552033.0,23.0,0.0,False,Low,NBA
2021,Charlotte Hornets,108218809.0,33.0,0.0,False,Low,NBA
2022,Charlotte Hornets,122139566.0,43.0,0.0,False,Low,NBA
2023,Charlotte Hornets,125874047.0,27.0,0.0,False,Low,NBA
2024,Charlotte Hornets,140774484.0,21.0,0.0,False,Low,NBA
2015,Chicago Bulls,80964682.0,50.0,6.0,False,Medium,NBA
2016,Chicago Bulls,87073838.0,42.0,0.0,False,High,NBA
2017,Chicago Bulls,92522306.0,41.0,2.0,False,Medium,NBA
2018,Chicago Bulls,90466801.0,27.0,0.0,False,Low,NBA
2019,Chicago Bulls,112598201.0,22.0,0.0,False,Low,NBA
2020,Chicago Bulls,112601901.0,22.0,0.0,False,Low,NBA
2021,Chicago Bulls,128963580.0,31.0,0.0,False,Medium,NBA
2022,Chicago Bulls,136083814.0,46.0,1.0,False,Medium,NBA
2023,Chicago Bulls,151964990.0,40.0,0.0,False,Medium,NBA
2024,Chicago Bulls,165630436.0,39.0,0.0,False,Medium,NBA
2015,Cleveland Cavaliers,82592827.0,53.0,14.0,False,High,NBA
2016,Cleveland Cavaliers,108300458.0,57.0,16.0,True,High,NBA
2017,Cleveland Cavaliers,128522489.0,51.0,13.0,False,High,NBA
2018,Cleveland Cavaliers,137722926.0,50.0,12.0,False,High,NBA
2019,Cleveland Cavaliers,123255073.0,19.0,0.0,False,Medium,NBA
2020,Cleveland Cavaliers,131059022.0,19.0,0.0,False,High,NBA
2021,Cleveland Cavaliers,129605319.0,22.0,0.0,False,Medium,NBA
2022,Cleveland Cavaliers,136385911.0,44.0,0.0,False,Medium,NBA
2023,Cleveland Cavaliers,151966241.0,51.0,1.0,False,Medium,NBA
2024,Cleveland Cavaliers,166874287.0,48.0,5.0,False,Medium,NBA
2015,Dallas Mavericks,84820225.0,50.0,1.0,False,High,NBA
2016,Dallas Mavericks,75397067.0,42.0,1.0,False,Medium,NBA
2017,Dallas Mavericks,102354966.0,33.0,0.0,False,Medium,NBA
2018,Dallas Mavericks,85440245.0,24.0,0.0,False,Low,NBA
2019,Dallas Mavericks,86958881.0,33.0,0.0,False,Low,NBA
2020,Dallas Mavericks,120871082.0,43.0,2.0,False,Medium,NBA
2021,Dallas Mavericks,127657823.0,42.0,3.0,False,Low,NBA
2022,Dallas Mavericks,126696965.0,52.0,9.0,False,Low,NBA
2023,Dallas Mavericks,177244238.0,38.0,0.0,False,High,NBA
2024,Dallas Mavericks,167755884.0,50.0,13.0,False,Medium,NBA
2015,Denver Nuggets,56820307.0,30.0,0.0,False,Low,NBA
2016,Denver Nuggets,72589023.0,33.0,0.0,False,Medium,NBA
2017,Denver Nuggets,83836460.0,40.0,0.0,False,Low,NBA
2018,Denver Nuggets,107543599.0,46.0,0.0,False,Medium,NBA
2019,Denver Nuggets,118327016.0,54.0,7.0,False,Medium,NBA
2020,Denver Nuggets,128746180.0,46.0,9.0,False,High,NBA
2021,Denver Nuggets,129793210.0,47.0,4.0,False,Medium,NBA
2022,Denver Nuggets,137963926.0,48.0,1.0,False,Medium,NBA
2023,Denver Nuggets,162338665.0,53.0,16.0,True,High,NBA
2024,Denver Nuggets,180922992.0,57.0,7.0,False,High,NBA
2015,Detroit Pistons,67410675.0,32.0,0.0,False,Medium,NBA
2016,Detroit Pistons,77256014.0,44.0,0.0,False,Medium,NBA
2017,Detroit Pistons,106492988.0,37.0,0.0,False,High,NBA
2018,Detroit Pistons,119773191.0,39.0,0.0,False,Medium,NBA
2019,Detroit Pistons,126557932.0,41.0,0.0,False,High,NBA
2020,Detroit Pistons,104527576.0,20.0,0.0,False,Low,NBA
2021,Detroit Pistons,117041599.0,20.0,0.0,False,Low,NBA
2022,Detroit Pistons,131120355.0,23.0,0.0,False,Medium,NBA
2023,Detroit Pistons,129153570.0,17.0,0.0,False,Low,NBA
2024,Detroit Pistons,139233014.0,14.0,0.0,False,Low,NBA
2015,Golden State Warriors,73611166.0,67.0,16.0,True,Medium,NBA
2016,Golden State Warriors,93669566.0,73.0,15.0,False,High,NBA
2017,Golden State Warriors,101584835.0,67.0,16.0,True,Medium,NBA
2018,Golden State Warriors,137610134.0,58.0,16.0,True,High,NBA
2019,Golden State Warriors,146291276.0,57.0,14.0,False,High,NBA
2020,Golden State Warriors,129254928.0,15.0,0.0,False,High,NBA
2021,Golden State Warriors,171105334.0,39.0,0.0,False,High,NBA
2022,Golden State Warriors,178980766.0,53.0,16.0,True,High,NBA
2023,Golden State Warriors,192386134.0,44.0,6.0,False,High,NBA
2024,Golden State Warriors,209354737.0,46.0,0.0,False,High,NBA
2015,Houston Rockets,76849302.0,56.0,9.0,False,Medium,NBA
2016,Houston Rockets,87504058.0,41.0,1.0,False,High,NBA
2017,Houston Rockets,90956067.0,55.0,6.0,False,Low,NBA
2018,Houston Rockets,119905532.0,65.0,11.0,False,High,NBA
2019,Houston Rockets,126474100.0,53.0,6.0,False,High,NBA
2020,Houston Rockets,128109922.0,44.0,5.0,False,Medium,NBA
2021,Houston Rockets,131784255.0,17.0,0.0,False,Medium,NBA
2022,Houston Rockets,132267085.0,20.0,0.0,False,Medium,NBA
2023,Houston Rockets,137579793.0,22.0,0.0,False,Low,NBA
2024,Houston Rockets,149356730.0,41.0,0.0,False,Low,NBA
2015,Indiana Pacers,74793526.0,38.0,0.0,False,Medium,NBA
2016,Indiana Pacers,71605233.0,45.0,3.0,False,Low,NBA
2017,Indiana Pacers,90279072.0,42.0,0.0,False,Low,NBA
2018,Indiana Pacers,95271736.0,48.0,3.0,False,Low,NBA
2019,Indiana Pacers,110724804.0,48.0,0.0,False,Low,NBA
2020,Indiana Pacers,112872260.0,45.0,0.0,False,Low,NBA
2021,Indiana Pacers,130237102.0,34.0,0.0,False,Medium,NBA
2022,Indiana Pacers,138181486.0,25.0,0.0,False,Medium,NBA
2023,Indiana Pacers,125706114.0,35.0,0.0,False,Low,NBA
2024,Indiana Pacers,148722330.0,47.0,8.0,False,Low,NBA
2015,Los Angeles Clippers,85259447.0,56.0,7.0,False,High,NBA
2016,Los Angeles Clippers,97019321.0,53.0,2.0,False,High,NBA
2017,Los Angeles Clippers,114756766.0,51.0,3.0,False,High,NBA
2018,Los Angeles Clippers,119093010.0,42.0,0.0,False,Medium,NBA
2019,Los Angeles Clippers,118026816.0,48.0,2.0,False,Medium,NBA
2020,Los Angeles Clippers,131506341.0,49.0,7.0,False,High,NBA
2021,Los Angeles Clippers,139722606.0,47.0,10.0,False,High,NBA
2022,Los Angeles Clippers,168378382.0,42.0,0.0,False,High,NBA
2023,Los Angeles Clippers,192905421.0,44.0,1.0,False,High,NBA
2024,Los Angeles Clippers,201366679.0,51.0,2.0,False,High,NBA
2015,Los Angeles Lakers,77546500.0,21.0,0.0,False,Medium,NBA
2016,Los Angeles Lakers,72694352.0,17.0,0.0,False,Medium,NBA
2017,Los Angeles Lakers,94781848.0,26.0,0.0,False,Medium,NBA
2018,Los Angeles Lakers,103126557.0,35.0,0.0,False,Medium,NBA
2019,Los Angeles Lakers,107225482.0,37.0,0.0,False,Low,NBA
2020,Los Angeles Lakers,123971686.0,52.0,16.0,True,Medium,NBA
2021,Los Angeles Lakers,139334713.0,42.0,2.0,False,High,NBA
2022,Los Angeles Lakers,164409293.0,33.0,0.0,False,High,NBA
2023,Los Angeles Lakers,169391473.0,43.0,8.0,False,High,NBA
2024,Los Angeles Lakers,169876920.0,47.0,1.0,False,High,NBA
2015,Memphis Grizzlies,75158730.0,55.0,6.0,False,Medium,NBA
2016,Memphis Grizzlies,83223881.0,42.0,0.0,False,Medium,NBA
2017,Memphis Grizzlies,110083520.0,43.0,2.0,False,High,NBA
2018,Memphis Grizzlies,110700149.0,22.0,0.0,False,Medium,NBA
2019,Memphis Grizzlies,125188633.0,33.0,0.0,False,Medium,NBA
2020,Memphis Grizzlies,98495848.0,34.0,0.0,False,Low,NBA
2021,Memphis Grizzlies,132022601.0,38.0,1.0,False,Medium,NBA
2022,Memphis Grizzlies,117284457.0,56.0,6.0,False,Low,NBA
2023,Memphis Grizzlies,127139520.0,51.0,2.0,False,Low,NBA
2024,Memphis Grizzlies,162649524.0,27.0,0.0,False,Medium,NBA
2015,Miami Heat,82413041.0,37.0,0.0,False,High,NBA
2016,Miami Heat,85764781.0,48.0,7.0,False,High,NBA
2017,Miami Heat,100740770.0,41.0,0.0,False,Medium,NBA
2018,Miami Heat,133624374.0,44.0,1.0,False,High,NBA
2019,Miami Heat,153171497.0,39.0,0.0,False,High,NBA
2020,Miami Heat,129867871.0,44.0,14.0,False,High,NBA
2021,Miami Heat,134731235.0,40.0,0.0,False,High,NBA
2022,Miami Heat,140840240.0,53.0,11.0,False,High,NBA
2023,Miami Heat,151408266.0,44.0,13.0,False,Medium,NBA
2024,Miami Heat,177143542.0,46.0,1.0,False,High,NBA
2015,Milwaukee Bucks,61153275.0,41.0,2.0,False,Low,NBA
2016,Milwaukee Bucks,73843541.0,33.0,0.0,False,Medium,NBA
2017,Milwaukee Bucks,96245877.0,42.0,2.0,False,Medium,NBA
2018,Milwaukee Bucks,120521249.0,44.0,3.0,False,High,NBA
2019,Milwaukee Bucks,130988604.0,60.0,10.0,False,High,NBA
2020,Milwaukee Bucks,122612183.0,56.0,5.0,False,Medium,NBA
2021,Milwaukee Bucks,136623929.0,46.0,16.0,True,High,NBA
2022,Milwaukee Bucks,160875421.0,51.0,7.0,False,High,NBA
2023,Milwaukee Bucks,182930771.0,58.0,1.0,False,High,NBA
2024,Milwaukee Bucks,187346674.0,49.0,2.0,False,High,NBA
2015,Minnesota Timberwolves,69378954.0,16.0,0.0,False,Medium,NBA
2016,Minnesota Timberwolves,72287243.0,29.0,0.0,False,Medium,NBA
2017,Minnesota Timberwolves,83527580.0,31.0,0.0,False,Low,NBA
2018,Minnesota Timberwolves,116075131.0,47.0,1.0,False,Medium,NBA
2019,Minnesota Timberwolves,121962221.0,36.0,0.0,False,Medium,NBA
2020,Minnesota Timberwolves,114202982.0,19.0,0.0,False,Medium,NBA
2021,Minnesota Timberwolves,130334934.0,23.0,0.0,False,Medium,NBA
2022,Minnesota Timberwolves,137432702.0,46.0,2.0,False,Medium,NBA
2023,Minnesota Timberwolves,145793656.0,42.0,1.0,False,Medium,NBA
2024,Minnesota Timberwolves,166434327.0,56.0,9.0,False,Medium,NBA
2015,New Orleans Pelicans,80012866.0,45.0,0.0,False,Medium,NBA
2016,New Orleans Pelicans,83709371.0,30.0,0.0,False,Medium,NBA
2017,New Orleans Pelicans,101616451.0,34.0,0.0,False,Medium,NBA
2018,New Orleans Pelicans,120814452.0,48.0,5.0,False,High,NBA
2019,New Orleans Pelicans,116052756.0,33.0,0.0,False,Medium,NBA
2020,New Orleans Pelicans,117868297.0,30.0,0.0,False,Medium,NBA
2021,New Orleans Pelicans,133901495.0,31.0,0.0,False,Medium,NBA
2022,New Orleans Pelicans,135793968.0,36.0,2.0,False,Medium,NBA
2023,New Orleans Pelicans,148360910.0,42.0,0.0,False,Medium,NBA
2024,New Orleans Pelicans,167403924.0,49.0,0.0,False,Medium,NBA
2015,New York Knicks,81369219.0,17.0,0.0,False,High,NBA
2016,New York Knicks,74237021.0,32.0,0.0,False,Medium,NBA
2017,New York Knicks,102593418.0,31.0,0.0,False,Medium,NBA
2018,New York Knicks,105403130.0,29.0,0.0,False,Medium,NBA
2019,New York Knicks,123387454.0,17.0,0.0,False,Medium,NBA
2020,New York Knicks,100232129.0,21.0,0.0,False,Low,NBA
2021,New York Knicks,102137151.0,41.0,1.0,False,Low,NBA
2022,New York Knicks,120644081.0,37.0,0.0,False,Low,NBA
2023,New York Knicks,148987936.0,47.0,6.0,False,Medium,NBA
2024,New York Knicks,164990518.0,50.0,7.0,False,Medium,NBA
2015,Oklahoma City Thunder,80408520.0,45.0,0.0,False,Medium,NBA
2016,Oklahoma City Thunder,95708387.0,55.0,11.0,False,High,NBA
2017,Oklahoma City Thunder,91230089.0,47.0,1.0,False,Medium,NBA
2018,Oklahoma City Thunder,134534640.0,48.0,2.0,False,High,NBA
2019,Oklahoma City Thunder,144916427.0,49.0,1.0,False,High,NBA
2020,Oklahoma City Thunder,132017938.0,44.0,3.0,False,High,NBA
2021,Oklahoma City Thunder,95774839.0,22.0,0.0,False,Low,NBA
2022,Oklahoma City Thunder,82022873.0,24.0,0.0,False,Low,NBA
2023,Oklahoma City Thunder,148856338.0,40.0,0.0,False,Medium,NBA
2024,Oklahoma City Thunder,162515272.0,57.0,6.0,False,Medium,NBA
2015,Orlando Magic,59629210.0,25.0,0.0,False,Low,NBA
2016,Orlando Magic,63199651.0,35.0,0.0,False,Low,NBA
2017,Orlando Magic,104096951.0,29.0,0.0,False,High,NBA
2018,Orlando Magic,98700258.0,25.0,0.0,False,Low,NBA
2019,Orlando Magic,114394213.0,42.0,1.0,False,Medium,NBA
2020,Orlando Magic,126095610.0,33.0,1.0,False,Medium,NBA
2021,Orlando Magic,121739163.0,21.0,0.0,False,Low,NBA
2022,Orlando Magic,126786646.0,22.0,0.0,False,Low,NBA
2023,Orlando Magic,126107324.0,34.0,0.0,False,Low,NBA
2024,Orlando Magic,132643598.0,47.0,3.0,False,Low,NBA
2015,Philadelphia 76ers,54355571.0,18.0,0.0,False,Low,NBA
2016,Philadelphia 76ers,64583220.0,10.0,0.0,False,Low,NBA
2017,Philadelphia 76ers,84775343.0,28.0,0.0,False,Low,NBA
2018,Philadelphia 76ers,100797386.0,52.0,5.0,False,Medium,NBA
2019,Philadelphia 76ers,115127167.0,51.0,7.0,False,Medium,NBA
2020,Philadelphia 76ers,129912339.0,43.0,0.0,False,High,NBA
2021,Philadelphia 76ers,147825311.0,49.0,7.0,False,High,NBA
2022,Philadelphia 76ers,148922969.0,51.0,6.0,False,High,NBA
2023,Philadelphia 76ers,150496913.0,54.0,7.0,False,Medium,NBA
2024,Philadelphia 76ers,166271894.0,47.0,2.0,False,Medium,NBA
2015,Phoenix Suns,65336172.0,39.0,0.0,False,Low,NBA
2016,Phoenix Suns,68095365.0,23.0,0.0,False,Low,NBA
2017,Phoenix Suns,89754590.0,24.0,0.0,False,Low,NBA
2018,Phoenix Suns,92684083.0,21.0,0.0,False,Low,NBA
2019,Phoenix Suns,108692835.0,19.0,0.0,False,Low,NBA
2020,Phoenix Suns,98539675.0,34.0,0.0,False,Low,NBA
2021,Phoenix Suns,128858241.0,51.0,14.0,False,Medium,NBA
2022,Phoenix Suns,136476474.0,64.0,7.0,False,Medium,NBA
2023,Phoenix Suns,176042453.0,45.0,6.0,False,High,NBA
2024,Phoenix Suns,193838882.0,49.0,0.0,False,High,NBA
2015,Portland Trail Blazers,84336174.0,51.0,1.0,False,High,NBA
2016,Portland Trail Blazers,61685814.0,44.0,5.0,False,Low,NBA
2017,Portland Trail Blazers,119732234.0,41.0,0.0,False,High,NBA
2018,Portland Trail Blazers,118708146.0,49.0,0.0,False,Medium,NBA
2019,Portland Trail Blazers,130256600.0,53.0,8.0,False,High,NBA
2020,Portland Trail Blazers,131979953.0,35.0,1.0,False,High,NBA
2021,Portland Trail Blazers,131904647.0,42.0,2.0,False,Medium,NBA
2022,Portland Trail Blazers,124788473.0,27.0,0.0,False,Low,NBA
2023,Portland Trail Blazers,144997250.0,33.0,0.0,False,Medium,NBA
2024,Portland Trail Blazers,165263993.0,21.0,0.0,False,Medium,NBA
2015,Sacramento Kings,73379071.0,29.0,0.0,False,Medium,NBA
2016,Sacramento Kings,70610560.0,33.0,0.0,False,Low,NBA
2017,Sacramento Kings,95596327.0,32.0,0.0,False,Medium,NBA
2018,Sacramento Kings,99587185.0,27.0,0.0,False,Low,NBA
2019,Sacramento Kings,101466920.0,39.0,0.0,False,Low,NBA
2020,Sacramento Kings,113796966.0,31.0,0.0,False,Medium,NBA
2021,Sacramento Kings,106847430.0,31.0,0.0,False,Low,NBA
2022,Sacramento Kings,130457848.0,30.0,0.0,False,Medium,NBA
2023,Sacramento Kings,139423615.0,48.0,3.0,False,Low,NBA
2024,Sacramento Kings,153564021.0,46.0,0.0,False,Medium,NBA
2015,San Antonio Spurs,70770209.0,55.0,3.0,False,Medium,NBA
2016,San Antonio Spurs,87832839.0,67.0,6.0,False,High,NBA
2017,San Antonio Spurs,112017779.0,61.0,8.0,False,High,NBA
2018,San Antonio Spurs,114633844.0,47.0,1.0,False,Medium,NBA
2019,San Antonio Spurs,121588790.0,48.0,3.0,False,Medium,NBA
2020,San Antonio Spurs,119217331.0,32.0,0.0,False,Medium,NBA
2021,San Antonio Spurs,129537825.0,33.0,0.0,False,Medium,NBA
2022,San Antonio Spurs,127655401.0,34.0,0.0,False,Low,NBA
2023,San Antonio Spurs,104545376.0,22.0,0.0,False,Low,NBA
2024,San Antonio Spurs,142867770.0,22.0,0.0,False,Low,NBA
2015,Toronto Raptors,81317963.0,49.0,0.0,False,High,NBA
2016,Toronto Raptors,71591189.0,56.0,10.0,False,Low,NBA
2017,Toronto Raptors,108599970.0,51.0,4.0,False,High,NBA
2018,Toronto Raptors,116929373.0,59.0,4.0,False,Medium,NBA
2019,Toronto Raptors,137793831.0,58.0,16.0,True,High,NBA
2020,Toronto Raptors,122463495.0,53.0,7.0,False,Medium,NBA
2021,Toronto Raptors,129131910.0,27.0,0.0,False,Medium,NBA
2022,Toronto Raptors,134896484.0,48.0,2.0,False,Medium,NBA
2023,Toronto Raptors,150992313.0,41.0,0.0,False,Medium,NBA
2024,Toronto Raptors,163054678.0,25.0,0.0,False,Medium,NBA
2015,Utah Jazz,60847538.0,38.0,0.0,False,Low,NBA
2016,Utah Jazz,63608425.0,40.0,0.0,False,Low,NBA
2017,Utah Jazz,80138192.0,51.0,4.0,False,Low,NBA
2018,Utah Jazz,105606838.0,48.0,5.0,False,Medium,NBA
2019,Utah Jazz,113826156.0,50.0,1.0,False,Low,NBA
2020,Utah Jazz,118910311.0,44.0,3.0,False,Medium,NBA
2021,Utah Jazz,136881324.0,52.0,6.0,False,High,NBA
2022,Utah Jazz,149760719.0,49.0,2.0,False,High,NBA
2023,Utah Jazz,148738241.0,37.0,0.0,False,Medium,NBA
2024,Utah Jazz,133738448.0,31.0,0.0,False,Low,NBA
2015,Washington Wizards,73372974.0,46.0,6.0,False,Medium,NBA
2016,Washington Wizards,85055155.0,41.0,0.0,False,Medium,NBA
2017,Washington Wizards,104016580.0,49.0,7.0,False,Medium,NBA
2018,Washington Wizards,123306396.0,43.0,2.0,False,High,NBA
2019,Washington Wizards,123747588.0,32.0,0.0,False,Medium,NBA
2020,Washington Wizards,121296256.0,25.0,0.0,False,Medium,NBA
2021,Washington Wizards,131294012.0,34.0,1.0,False,Medium,NBA
2022,Washington Wizards,128019790.0,35.0,0.0,False,Medium,NBA
2023,Washington Wizards,152008934.0,35.0,0.0,False,Medium,NBA
2024,Washington Wizards,150856313.0,15.0,0.0,False,Low,NBA
2015,Arizona Cardinals,131218836.0,13.0,1.0,False,Low,NFL
2016,Arizona Cardinals,140324982.0,7.0,0.0,False,Medium,NFL
2017,Arizona Cardinals,158023046.0,8.0,0.0,False,Medium,NFL
2018,Arizona Cardinals,125177903.0,3.0,0.0,False,Low,NFL
2019,Arizona Cardinals,137308712.0,5.0,0.0,False,Low,NFL
2020,Arizona Cardinals,173667333.0,8.0,0.0,False,Medium,NFL
2021,Arizona Cardinals,171892340.0,11.0,0.0,False,Medium,NFL
2022,Arizona Cardinals,174432925.0,4.0,0.0,False,Medium,NFL
2023,Arizona Cardinals,143744371.0,4.0,0.0,False,Medium,NFL
2024,Arizona Cardinals,218266066.0,8.0,0.0,False,High,NFL
2015,Atlanta Falcons,108520570.0,8.0,0.0,False,Low,NFL
2016,Atlanta Falcons,122649312.0,11.0,2.0,False,Low,NFL
2017,Atlanta Falcons,151597067.0,10.0,1.0,False,Medium,NFL
2018,Atlanta Falcons,159287013.0,7.0,0.0,False,Medium,NFL
2019,Atlanta Falcons,161024894.0,7.0,0.0,False,Medium,NFL
2020,Atlanta Falcons,167116931.0,4.0,0.0,False,Medium,NFL
2021,Atlanta Falcons,151177180.0,7.0,0.0,False,Medium,NFL
2022,Atlanta Falcons,111860681.0,7.0,0.0,False,Low,NFL
2023,Atlanta Falcons,188666646.0,7.0,0.0,False,High,NFL
2024,Atlanta Falcons,229058695.0,8.0,0.0,False,High,NFL
2015,Baltimore Ravens,112456932.0,5.0,0.0,False,Low,NFL
2016,Baltimore Ravens,127860169.0,8.0,0.0,False,Low,NFL
2017,Baltimore Ravens,129380646.0,9.0,0.0,False,Low,NFL
2018,Baltimore Ravens,145974262.0,10.0,0.0,False,Medium,NFL
2019,Baltimore Ravens,146182572.0,14.0,0.0,False,Medium,NFL
2020,Baltimore Ravens,159453460.0,11.0,1.0,False,Medium,NFL
2021,Baltimore Ravens,152787365.0,8.0,0.0,False,Medium,NFL
2022,Baltimore Ravens,168977134.0,10.0,0.0,False,Medium,NFL
2023,Baltimore Ravens,193711951.0,13.0,1.0,False,High,NFL
2024,Baltimore Ravens,216598650.0,12.0,1.0,False,High,NFL
2015,Buffalo Bills,119003502.0,8.0,0.0,False,Low,NFL
2016,Buffalo Bills,128895117.0,7.0,0.0,False,Low,NFL
2017,Buffalo Bills,119799344.0,9.0,0.0,False,Low,NFL
2018,Buffalo Bills,105772018.0,6.0,0.0,False,Low,NFL
2019,Buffalo Bills,150235058.0,10.0,0.0,False,Medium,NFL
2020,Buffalo Bills,203489909.0,13.0,2.0,False,High,NFL
2021,Buffalo Bills,173774776.0,11.0,1.0,False,Medium,NFL
2022,Buffalo Bills,177456742.0,13.0,1.0,False,High,NFL
2023,Buffalo Bills,209700991.0,11.0,1.0,False,High,NFL
2024,Buffalo Bills,171892715.0,13.0,2.0,False,Medium,NFL
2015,Carolina Panthers,121427391.0,15.0,2.0,False,Low,NFL
2016,Carolina Panthers,117559605.0,6.0,0.0,False,Low,NFL
2017,Carolina Panthers,156763630.0,11.0,0.0,False,Medium,NFL
2018,Carolina Panthers,161637265.0,7.0,0.0,False,Medium,NFL
2019,Carolina Panthers,158632025.0,5.0,0.0,False,Medium,NFL
2020,Carolina Panthers,147243456.0,5.0,0.0,False,Medium,NFL
2021,Carolina Panthers,126588363.0,5.0,0.0,False,Low,NFL
2022,Carolina Panthers,143455483.0,7.0,0.0,False,Medium,NFL
2023,Carolina Panthers,165672897.0,2.0,0.0,False,Medium,NFL
2024,Carolina Panthers,180704029.0,5.0,0.0,False,High,NFL
2015,Chicago Bears,109307516.0,6.0,0.0,False,Low,NFL
2016,Chicago Bears,134129778.0,3.0,0.0,False,Low,NFL
2017,Chicago Bears,149609858.0,5.0,0.0,False,Medium,NFL
2018,Chicago Bears,159437976.0,12.0,0.0,False,Medium,NFL
2019,Chicago Bears,166245446.0,8.0,0.0,False,Medium,NFL
2020,Chicago Bears,182408029.0,8.0,0.0,False,High,NFL
2021,Chicago Bears,159751086.0,6.0,0.0,False,Medium,NFL
2022,Chicago Bears,106329716.0,3.0,0.0,False,Low,NFL
2023,Chicago Bears,181962535.0,7.0,0.0,False,High,NFL
2024,Chicago Bears,216960641.0,5.0,0.0,False,High,NFL
2015,Cincinnati Bengals,134450646.0,12.0,0.0,False,Low,NFL
2016,Cincinnati Bengals,148856115.0,6.0,0.0,False,Medium,NFL
2017,Cincinnati Bengals,153703361.0,7.0,0.0,False,Medium,NFL
2018,Cincinnati Bengals,169003479.0,6.0,0.0,False,Medium,NFL
2019,Cincinnati Bengals,164673918.0,2.0,0.0,False,Medium,NFL
2020,Cincinnati Bengals,172822819.0,4.0,0.0,False,Medium,NFL
2021,Cincinnati Bengals,171015317.0,10.0,3.0,False,Medium,NFL
2022,Cincinnati Bengals,192486018.0,12.0,2.0,False,High,NFL
2023,Cincinnati Bengals,208832355.0,9.0,0.0,False,High,NFL
2024,Cincinnati Bengals,242252179.0,9.0,0.0,False,High,NFL
2015,Cleveland Browns,130915331.0,3.0,0.0,False,Low,NFL
2016,Cleveland Browns,91648306.0,1.0,0.0,False,Low,NFL
2017,Cleveland Browns,104137062.0,0.0,0.0,False,Low,NFL
2018,Cleveland Browns,154452321.0,7.0,0.0,False,Medium,NFL
2019,Cleveland Browns,180675285.0,6.0,0.0,False,High,NFL
2020,Cleveland Browns,179423686.0,11.0,1.0,False,High,NFL
2021,Cleveland Browns,171058306.0,8.0,0.0,False,Medium,NFL
2022,Cleveland Browns,147591607.0,7.0,0.0,False,Medium,NFL
2023,Cleveland Browns,191343507.0,11.0,0.0,False,High,NFL
2024,Cleveland Browns,199845879.0,3.0,0.0,False,High,NFL
2015,Dallas Cowboys,120247770.0,4.0,0.0,False,Low,NFL
2016,Dallas Cowboys,144089272.0,13.0,0.0,False,Medium,NFL
2017,Dallas Cowboys,125698908.0,9.0,0.0,False,Low,NFL
2018,Dallas Cowboys,137337242.0,10.0,1.0,False,Low,NFL
2019,Dallas Cowboys,165043103.0,8.0,0.0,False,Medium,NFL
2020,Dallas Cowboys,162133209.0,6.0,0.0,False,Medium,NFL
2021,Dallas Cowboys,174904196.0,12.0,0.0,False,High,NFL
2022,Dallas Cowboys,178257495.0,12.0,1.0,False,High,NFL
2023,Dallas Cowboys,198204935.0,12.0,0.0,False,High,NFL
2024,Dallas Cowboys,204818460.0,7.0,0.0,False,High,NFL
2015,Denver Broncos,136438084.0,12.0,3.0,True,Low,NFL
2016,Denver Broncos,130656545.0,9.0,0.0,False,Low,NFL
2017,Denver Broncos,147548265.0,5.0,0.0,False,Medium,NFL
2018,Denver Broncos,149897766.0,6.0,0.0,False,Medium,NFL
2019,Denver Broncos,140381429.0,7.0,0.0,False,Medium,NFL
2020,Denver Broncos,164924386.0,5.0,0.0,False,Medium,NFL
2021,Denver Broncos,144390586.0,7.0,0.0,False,Medium,NFL
2022,Denver Broncos,169741412.0,5.0,0.0,False,Medium,NFL
2023,Denver Broncos,194095131.0,8.0,0.0,False,High,NFL
2024,Denver Broncos,158452339.0,10.0,0.0,False,Medium,NFL
2015,Detroit Lions,119246851.0,7.0,0.0,False,Low,NFL
2016,Detroit Lions,118817285.0,9.0,0.0,False,Low,NFL
2017,Detroit Lions,140754876.0,9.0,0.0,False,Medium,NFL
2018,Detroit Lions,142673597.0,6.0,0.0,False,Medium,NFL
2019,Detroit Lions,154220201.0,3.0,0.0,False,Medium,NFL
2020,Detroit Lions,166624148.0,5.0,0.0,False,Medium,NFL
2021,Detroit Lions,125884824.0,3.0,0.0,False,Low,NFL
2022,Detroit Lions,175995372.0,9.0,0.0,False,High,NFL
2023,Detroit Lions,189220696.0,12.0,2.0,False,High,NFL
2024,Detroit Lions,188121223.0,15.0,0.0,False,High,NFL
2015,Green Bay Packers,131747904.0,10.0,1.0,False,Low,NFL
2016,Green Bay Packers,145967080.0,10.0,2.0,False,Medium,NFL
2017,Green Bay Packers,151747406.0,7.0,0.0,False,Medium,NFL
2018,Green Bay Packers,155171510.0,6.0,0.0,False,Medium,NFL
2019,Green Bay Packers,165847677.0,13.0,1.0,False,Medium,NFL
2020,Green Bay Packers,188425509.0,13.0,1.0,False,High,NFL
2021,Green Bay Packers,166720755.0,13.0,0.0,False,Medium,NFL
2022,Green Bay Packers,175563269.0,8.0,0.0,False,High,NFL
2023,Green Bay Packers,149025227.0,9.0,1.0,False,Medium,NFL
2024,Green Bay Packers,183453049.0,11.0,0.0,False,High,NFL
2015,Houston Texans,121998266.0,9.0,0.0,False,Low,NFL
2016,Houston Texans,138742413.0,9.0,1.0,False,Medium,NFL
2017,Houston Texans,141720112.0,4.0,0.0,False,Medium,NFL
2018,Houston Texans,156758593.0,11.0,0.0,False,Medium,NFL
2019,Houston Texans,162056713.0,10.0,1.0,False,Medium,NFL
2020,Houston Texans,177696377.0,4.0,0.0,False,High,NFL
2021,Houston Texans,134016803.0,4.0,0.0,False,Low,NFL
2022,Houston Texans,128184123.0,3.0,0.0,False,Low,NFL
2023,Houston Texans,170234877.0,10.0,1.0,False,Medium,NFL
2024,Houston Texans,204101083.0,10.0,1.0,False,High,NFL
2015,Indianapolis Colts,125356107.0,8.0,0.0,False,Low,NFL
2016,Indianapolis Colts,128723431.0,8.0,0.0,False,Low,NFL
2017,Indianapolis Colts,125940369.0,4.0,0.0,False,Low,NFL
2018,Indianapolis Colts,126374471.0,10.0,1.0,False,Low,NFL
2019,Indianapolis Colts,162892310.0,7.0,0.0,False,Medium,NFL
2020,Indianapolis Colts,211646892.0,11.0,0.0,False,High,NFL
2021,Indianapolis Colts,177467219.0,9.0,0.0,False,High,NFL
2022,Indianapolis Colts,185688356.0,4.0,0.0,False,High,NFL
2023,Indianapolis Colts,167333228.0,9.0,0.0,False,Medium,NFL
2024,Indianapolis Colts,225622749.0,8.0,0.0,False,High,NFL
2015,Jacksonville Jaguars,125664955.0,5.0,0.0,False,Low,NFL
2016,Jacksonville Jaguars,143207307.0,3.0,0.0,False,Medium,NFL
2017,Jacksonville Jaguars,156865431.0,10.0,2.0,False,Medium,NFL
2018,Jacksonville Jaguars,175004837.0,5.0,0.0,False,High,NFL
2019,Jacksonville Jaguars,152420728.0,6.0,0.0,False,Medium,NFL
2020,Jacksonville Jaguars,125519334.0,1.0,0.0,False,Low,NFL
2021,Jacksonville Jaguars,153669284.0,3.0,0.0,False,Medium,NFL
2022,Jacksonville Jaguars,194255367.0,9.0,1.0,False,High,NFL
2023,Jacksonville Jaguars,203099650.0,9.0,0.0,False,High,NFL
2024,Jacksonville Jaguars,194503527.0,4.0,0.0,False,High,NFL
2015,Kansas City Chiefs,115013610.0,11.0,1.0,False,Low,NFL
2016,Kansas City Chiefs,130993530.0,12.0,0.0,False,Low,NFL
2017,Kansas City Chiefs,144107958.0,10.0,0.0,False,Medium,NFL
2018,Kansas City Chiefs,149170349.0,12.0,1.0,False,Medium,NFL
2019,Kansas City Chiefs,142780619.0,12.0,3.0,True,Medium,NFL
2020,Kansas City Chiefs,196765342.0,14.0,2.0,False,High,NFL
2021,Kansas City Chiefs,162564080.0,12.0,2.0,False,Medium,NFL
2022,Kansas City Chiefs,183800566.0,14.0,3.0,True,High,NFL
2023,Kansas City Chiefs,197380989.0,11.0,4.0,True,High,NFL
2024,Kansas City Chiefs,230052906.0,15.0,2.0,False,High,NFL
2015,Las Vegas Raiders,109471930.0,,0.0,False,Low,NFL
2016,Las Vegas Raiders,140475554.0,,0.0,False,Medium,NFL
2017,Las Vegas Raiders,152954649.0,,0.0,False,Medium,NFL
2018,Las Vegas Raiders,147153310.0,,0.0,False,Medium,NFL
2019,Las Vegas Raiders,149602563.0,,0.0,False,Medium,NFL
2020,Las Vegas Raiders,203307347.0,8.0,0.0,False,High,NFL
2021,Las Vegas Raiders,147812490.0,10.0,0.0,False,Medium,NFL
2022,Las Vegas Raiders,140812437.0,6.0,0.0,False,Medium,NFL
2023,Las Vegas Raiders,159497292.0,8.0,0.0,False,Medium,NFL
2024,Las Vegas Raiders,167320980.0,4.0,0.0,False,Medium,NFL
2015,Los Angeles Chargers,118695875.0,,0.0,False,Low,NFL
2016,Los Angeles Chargers,140149243.0,,0.0,False,Medium,NFL
2017,Los Angeles Chargers,137261946.0,9.0,0.0,False,Low,NFL
2018,Los Angeles Chargers,160660166.0,12.0,1.0,False,Medium,NFL
2019,Los Angeles Chargers,172594220.0,5.0,0.0,False,Medium,NFL
2020,Los Angeles Chargers,179738105.0,7.0,0.0,False,High,NFL
2021,Los Angeles Chargers,175574345.0,9.0,0.0,False,High,NFL
2022,Los Angeles Chargers,196496267.0,10.0,0.0,False,High,NFL
2023,Los Angeles Chargers,187614371.0,5.0,0.0,False,High,NFL
2024,Los Angeles Chargers,193157840.0,11.0,0.0,False,High,NFL
2015,Los Angeles Rams,126371011.0,,0.0,False,Low,NFL
2016,Los Angeles Rams,125481168.0,4.0,0.0,False,Low,NFL
2017,Los Angeles Rams,143608026.0,11.0,0.0,False,Medium,NFL
2018,Los Angeles Rams,152091806.0,13.0,2.0,False,Medium,NFL
2019,Los Angeles Rams,162519254.0,9.0,0.0,False,Medium,NFL
2020,Los Angeles Rams,154245779.0,10.0,1.0,False,Medium,NFL
2021,Los Angeles Rams,131851261.0,12.0,4.0,True,Low,NFL
2022,Los Angeles Rams,169498584.0,5.0,0.0,False,Medium,NFL
2023,Los Angeles Rams,136988767.0,10.0,0.0,False,Low,NFL
2024,Los Angeles Rams,215644146.0,10.0,1.0,False,High,NFL
2015,Miami Dolphins,112430147.0,6.0,0.0,False,Low,NFL
2016,Miami Dolphins,137871303.0,10.0,0.0,False,Medium,NFL
2017,Miami Dolphins,148726528.0,6.0,0.0,False,Medium,NFL
2018,Miami Dolphins,150099876.0,7.0,0.0,False,Medium,NFL
2019,Miami Dolphins,108236693.0,5.0,0.0,False,Low,NFL
2020,Miami Dolphins,162521177.0,10.0,0.0,False,Medium,NFL
2021,Miami Dolphins,165306238.0,9.0,0.0,False,Medium,NFL
2022,Miami Dolphins,182662348.0,9.0,0.0,False,High,NFL
2023,Miami Dolphins,195202615.0,11.0,0.0,False,High,NFL
2024,Miami Dolphins,185506449.0,8.0,0.0,False,High,NFL
2015,Minnesota Vikings,133927210.0,11.0,0.0,False,Low,NFL
2016,Minnesota Vikings,144703348.0,8.0,0.0,False,Medium,NFL
2017,Minnesota Vikings,139841622.0,13.0,1.0,False,Medium,NFL
2018,Minnesota Vikings,180479217.0,8.0,0.0,False,High,NFL
2019,Minnesota Vikings,180695893.0,10.0,1.0,False,High,NFL
2020,Minnesota Vikings,152657245.0,7.0,0.0,False,Medium,NFL
2021,Minnesota Vikings,158968342.0,8.0,0.0,False,Medium,NFL
2022,Minnesota Vikings,173964610.0,13.0,0.0,False,Medium,NFL
2023,Minnesota Vikings,160552548.0,7.0,0.0,False,Medium,NFL
2024,Minnesota Vikings,177554309.0,14.0,0.0,False,High,NFL
2015,New England Patriots,117691450.0,12.0,1.0,False,Low,NFL
2016,New England Patriots,127922694.0,14.0,3.0,True,Low,NFL
2017,New England Patriots,148769204.0,13.0,2.0,False,Medium,NFL
2018,New England Patriots,155540021.0,11.0,3.0,True,Medium,NFL
2019,New England Patriots,163041593.0,12.0,0.0,False,Medium,NFL
2020,New England Patriots,154668330.0,7.0,0.0,False,Medium,NFL
2021,New England Patriots,163920067.0,10.0,0.0,False,Medium,NFL
2022,New England Patriots,185276579.0,8.0,0.0,False,High,NFL
2023,New England Patriots,188533943.0,4.0,0.0,False,High,NFL
2024,New England Patriots,165141380.0,4.0,0.0,False,Medium,NFL
2015,New Orleans Saints,104169438.0,7.0,0.0,False,Low,NFL
2016,New Orleans Saints,99513200.0,7.0,0.0,False,Low,NFL
2017,New Orleans Saints,129265729.0,11.0,1.0,False,Low,NFL
2018,New Orleans Saints,148941033.0,13.0,1.0,False,Medium,NFL
2019,New Orleans Saints,159078431.0,13.0,0.0,False,Medium,NFL
2020,New Orleans Saints,162226432.0,12.0,1.0,False,Medium,NFL
2021,New Orleans Saints,132420710.0,9.0,0.0,False,Low,NFL
2022,New Orleans Saints,154004477.0,7.0,0.0,False,Medium,NFL
2023,New Orleans Saints,182115623.0,9.0,0.0,False,High,NFL
2024,New Orleans Saints,189000311.0,5.0,0.0,False,High,NFL
2015,New York Giants,112710816.0,6.0,0.0,False,Low,NFL
2016,New York Giants,139245739.0,11.0,0.0,False,Medium,NFL
2017,New York Giants,153073213.0,3.0,0.0,False,Medium,NFL
2018,New York Giants,126084672.0,5.0,0.0,False,Low,NFL
2019,New York Giants,135800682.0,4.0,0.0,False,Low,NFL
2020,New York Giants,165428343.0,6.0,0.0,False,Medium,NFL
2021,New York Giants,156934042.0,4.0,0.0,False,Medium,NFL
2022,New York Giants,145439456.0,9.0,1.0,False,Medium,NFL
2023,New York Giants,160757369.0,6.0,0.0,False,Medium,NFL
2024,New York Giants,166382975.0,3.0,0.0,False,Medium,NFL
2015,New York Jets,141516020.0,10.0,0.0,False,Medium,NFL
2016,New York Jets,134391733.0,5.0,0.0,False,Low,NFL
2017,New York Jets,123383542.0,5.0,0.0,False,Low,NFL
2018,New York Jets,150704157.0,4.0,0.0,False,Medium,NFL
2019,New York Jets,162074903.0,7.0,0.0,False,Medium,NFL
2020,New York Jets,119493296.0,2.0,0.0,False,Low,NFL
2021,New York Jets,169688627.0,4.0,0.0,False,Medium,NFL
2022,New York Jets,189597434.0,7.0,0.0,False,High,NFL
2023,New York Jets,189226205.0,7.0,0.0,False,High,NFL
2024,New York Jets,190789287.0,5.0,0.0,False,High,NFL
2015,Philadelphia Eagles,128173464.0,7.0,0.0,False,Low,NFL
2016,Philadelphia Eagles,125665790.0,7.0,0.0,False,Low,NFL
2017,Philadelphia Eagles,151436105.0,13.0,3.0,True,Medium,NFL
2018,Philadelphia Eagles,156007289.0,9.0,1.0,False,Medium,NFL
2019,Philadelphia Eagles,150993379.0,9.0,0.0,False,Medium,NFL
2020,Philadelphia Eagles,173118583.0,4.0,0.0,False,Medium,NFL
2021,Philadelphia Eagles,124596461.0,9.0,0.0,False,Low,NFL
2022,Philadelphia Eagles,149065316.0,14.0,2.0,False,Medium,NFL
2023,Philadelphia Eagles,163747272.0,11.0,0.0,False,Medium,NFL
2024,Philadelphia Eagles,180387761.0,14.0,4.0,True,High,NFL
2015,Pittsburgh Steelers,113687446.0,10.0,1.0,False,Low,NFL
2016,Pittsburgh Steelers,137763362.0,11.0,2.0,False,Low,NFL
2017,Pittsburgh Steelers,149763536.0,13.0,0.0,False,Medium,NFL
2018,Pittsburgh Steelers,147428817.0,9.0,0.0,False,Medium,NFL
2019,Pittsburgh Steelers,161203273.0,8.0,0.0,False,Medium,NFL
2020,Pittsburgh Steelers,175082165.0,12.0,0.0,False,High,NFL
2021,Pittsburgh Steelers,139191060.0,9.0,0.0,False,Medium,NFL
2022,Pittsburgh Steelers,162459193.0,9.0,0.0,False,Medium,NFL
2023,Pittsburgh Steelers,197726033.0,10.0,0.0,False,High,NFL
2024,Pittsburgh Steelers,211600923.0,10.0,0.0,False,High,NFL
2015,San Francisco 49ers,102217470.0,5.0,0.0,False,Low,NFL
2016,San Francisco 49ers,120912852.0,2.0,0.0,False,Low,NFL
2017,San Francisco 49ers,99061451.0,6.0,0.0,False,Low,NFL
2018,San Francisco 49ers,159940836.0,4.0,0.0,False,Medium,NFL
2019,San Francisco 49ers,181562410.0,13.0,2.0,False,High,NFL
2020,San Francisco 49ers,175110907.0,6.0,0.0,False,High,NFL
2021,San Francisco 49ers,165420714.0,10.0,2.0,False,Medium,NFL
2022,San Francisco 49ers,173222132.0,13.0,2.0,False,Medium,NFL
2023,San Francisco 49ers,155392726.0,12.0,2.0,False,Medium,NFL
2024,San Francisco 49ers,207550102.0,6.0,0.0,False,High,NFL
2015,Seattle Seahawks,121754589.0,10.0,1.0,False,Low,NFL
2016,Seattle Seahawks,130939708.0,10.0,1.0,False,Low,NFL
2017,Seattle Seahawks,155483743.0,9.0,0.0,False,Medium,NFL
2018,Seattle Seahawks,147280565.0,10.0,0.0,False,Medium,NFL
2019,Seattle Seahawks,153893721.0,11.0,1.0,False,Medium,NFL
2020,Seattle Seahawks,176372294.0,12.0,0.0,False,High,NFL
2021,Seattle Seahawks,151832149.0,7.0,0.0,False,Medium,NFL
2022,Seattle Seahawks,146907790.0,9.0,0.0,False,Medium,NFL
2023,Seattle Seahawks,184983467.0,9.0,0.0,False,High,NFL
2024,Seattle Seahawks,187123575.0,10.0,0.0,False,High,NFL
2015,Tampa Bay Buccaneers,107606633.0,6.0,0.0,False,Low,NFL
2016,Tampa Bay Buccaneers,146261574.0,9.0,0.0,False,Medium,NFL
2017,Tampa Bay Buccaneers,141255404.0,5.0,0.0,False,Medium,NFL
2018,Tampa Bay Buccaneers,174733565.0,5.0,0.0,False,Medium,NFL
2019,Tampa Bay Buccaneers,173687974.0,7.0,0.0,False,Medium,NFL
2020,Tampa Bay Buccaneers,189660904.0,11.0,4.0,True,High,NFL
2021,Tampa Bay Buccaneers,163815352.0,13.0,1.0,False,Medium,NFL
2022,Tampa Bay Buccaneers,172487018.0,8.0,0.0,False,Medium,NFL
2023,Tampa Bay Buccaneers,139683391.0,9.0,1.0,False,Medium,NFL
2024,Tampa Bay Buccaneers,176832289.0,10.0,0.0,False,High,NFL
2015,Tennessee Titans,106418314.0,3.0,0.0,False,Low,NFL
2016,Tennessee Titans,126440893.0,9.0,0.0,False,Low,NFL
2017,Tennessee Titans,145367330.0,9.0,1.0,False,Medium,NFL
2018,Tennessee Titans,161880161.0,9.0,0.0,False,Medium,NFL
2019,Tennessee Titans,174275452.0,9.0,2.0,False,Medium,NFL
2020,Tennessee Titans,176427782.0,11.0,0.0,False,High,NFL
2021,Tennessee Titans,144040307.0,12.0,0.0,False,Medium,NFL
2022,Tennessee Titans,180420192.0,7.0,0.0,False,High,NFL
2023,Tennessee Titans,160295439.0,6.0,0.0,False,Medium,NFL
2024,Tennessee Titans,173341300.0,3.0,0.0,False,Medium,NFL
2015,Washington Commanders,124649168.0,,0.0,False,Low,NFL
2016,Washington Commanders,126732626.0,,0.0,False,Low,NFL
2017,Washington Commanders,158195622.0,,0.0,False,Medium,NFL
2018,Washington Commanders,155603577.0,,0.0,False,Medium,NFL
2019,Washington Commanders,161658284.0,,0.0,False,Medium,NFL
2020,Washington Commanders,156555528.0,,0.0,False,Medium,NFL
2021,Washington Commanders,168684447.0,,0.0,False,Medium,NFL
2022,Washington Commanders,180331619.0,8.0,0.0,False,High,NFL
2023,Washington Commanders,166240780.0,4.0,0.0,False,Medium,NFL
2024,Washington Commanders,189516975.0,12.0,2.0,False,High,NFL
